Sheelah,Cornehl,scornehl0@senate.gov,Female,56.202.15.45,Indonesia,88
Hurlee,Hucquart,hhucquart1@reference.com,Male,65.206.35.175,New Caledonia,35
Gaston,Ivankov,givankov2@hhs.gov,Male,202.111.185.153,Finland,69
Brig,Killelay,bkillelay3@umn.edu,Male,237.188.187.158,Armenia,30
Jecho,Witcomb,jwitcomb4@amazon.co.jp,Male,108.45.11.111,France,40
Rodrick,Rowbury,rrowbury5@google.de,Male,43.56.90.115,Poland,47
Michail,Duchatel,mduchatel6@1688.com,Male,31.84.74.198,Russia,65
Coralyn,Standrin,cstandrin7@google.ru,Female,45.117.193.99,Poland,91
Caressa,Clandillon,cclandillon8@sogou.com,Female,50.221.132.97,Nicaragua,1
Ken,Diable,kdiable9@wordpress.com,Male,221.25.190.13,Greece,99
Demeter,Wagenen,dwagenena@ucsd.edu,Female,95.243.115.177,Croatia,20
Marylynne,Chaucer,mchaucerb@clickbank.net,Female,12.116.238.84,Israel,77
Albertina,Petranek,apetranekc@techcrunch.com,Female,68.232.82.233,China,49
Pearce,Leeburn,pleeburnd@uiuc.edu,Male,130.83.111.49,Japan,62
Myer,Hambatch,mhambatche@sbwire.com,Male,114.190.131.8,Nigeria,21
Shanta,Dungey,sdungeyf@wix.com,Female,88.112.187.48,Uzbekistan,1
Alvy,Witling,awitlingg@pagesperso-orange.fr,Male,222.53.223.137,Portugal,99
Galina,Mugleston,gmuglestonh@blog.com,Female,211.93.45.7,China,42
Frances,Itscowics,fitscowicsi@virginia.edu,Female,94.9.134.197,Afghanistan,20
Lucilia,Twyning,ltwyningj@illinois.edu,Female,56.19.17.176,Japan,46
Irwinn,Landeg,ilandegk@360.cn,Male,190.137.68.244,Argentina,46
Gus,Noel,gnoell@msu.edu,Female,36.55.70.217,China,46
Meta,Banbridge,mbanbridgem@tuttocitta.it,Female,24.16.242.208,Nigeria,83
Noella,Rawlence,nrawlencen@indiegogo.com,Female,187.165.125.11,China,49
Gertrude,Fetterplace,gfetterplaceo@issuu.com,Female,143.42.165.112,Indonesia,58
Daria,Boother,dbootherp@tmall.com,Female,35.77.197.121,Kenya,38
Noby,Bagworth,nbagworthq@google.co.jp,Male,25.111.218.118,China,9
Pierrette,Tessyman,ptessymanr@bbc.co.uk,Female,45.83.232.210,Portugal,62
Nicolai,Pardoe,npardoes@dell.com,Male,78.104.142.51,Jordan,14
Judas,Sweed,jsweedt@merriam-webster.com,Male,17.110.204.131,Russia,20
Keene,Tincombe,ktincombeu@mapy.cz,Male,63.236.113.14,China,60
Berry,McCauley,bmccauleyv@google.ru,Female,196.30.210.95,Philippines,10
Fawnia,Avarne,favarnew@seesaa.net,Female,82.116.178.87,China,79
Forest,McGuiney,fmcguineyx@qq.com,Male,189.193.56.98,Ukraine,71
Megan,Wooton,mwootony@phoca.cz,Female,153.38.10.12,Portugal,87
Myrtie,Labden,mlabdenz@whitehouse.gov,Female,245.95.67.155,Poland,33
Harmonie,Wakeman,hwakeman10@list-manage.com,Female,168.140.73.12,Russia,81
Wilmette,Oakwell,woakwell11@ovh.net,Female,221.145.33.215,China,18
Bradney,Ungerer,bungerer12@ftc.gov,Male,155.22.222.41,China,61
Isabel,Dovidaitis,idovidaitis13@paginegialle.it,Female,75.216.114.209,Peru,1
Shannon,Windley,swindley14@ebay.co.uk,Female,132.245.120.198,Pakistan,15
Laird,Pouton,lpouton15@ft.com,Male,85.5.206.245,Brazil,29
Vail,Kas,vkas16@mac.com,Male,163.76.141.186,Uruguay,77
Tybalt,Osgarby,tosgarby17@home.pl,Male,204.96.251.144,China,77
Luke,Grinnell,lgrinnell18@marketwatch.com,Male,154.185.211.22,Cambodia,44
Melisenda,Massot,mmassot19@ihg.com,Female,123.12.112.222,Canada,100
Ethel,Sandey,esandey1a@reference.com,Female,85.133.172.29,China,87
Mureil,Shuter,mshuter1b@cdbaby.com,Female,117.208.246.252,China,59
Torr,Cutts,tcutts1c@cnn.com,Male,205.196.47.240,Indonesia,33
Henrietta,Whitehair,hwhitehair1d@godaddy.com,Female,151.204.127.28,Czech Republic,73
Marty,Leavens,mleavens1e@dailymotion.com,Male,126.251.168.33,Brazil,93
Kym,Yashunin,kyashunin1f@google.com.hk,Female,92.132.29.28,China,40
Emmott,Waitland,ewaitland1g@de.vu,Male,59.122.107.36,Ivory Coast,38
Hermia,Burford,hburford1h@moonfruit.com,Female,113.229.104.115,Portugal,2
Chrissy,Antoniades,cantoniades1i@ustream.tv,Male,138.225.27.182,Finland,5
Martin,Grzelak,mgrzelak1j@nbcnews.com,Male,104.64.203.7,Palestinian Territory,20
Ryan,Red,rred1k@uol.com.br,Male,78.55.169.101,Russia,49
Ansley,Larmuth,alarmuth1l@wp.com,Female,96.147.106.72,Lesotho,90
Sal,Mogra,smogra1m@statcounter.com,Female,167.117.2.139,Brazil,64
Sydelle,Sivyour,ssivyour1n@nasa.gov,Female,147.199.60.59,Sweden,25
Dorey,Pauel,dpauel1o@zdnet.com,Male,237.53.41.84,Colombia,26
Emma,Sausman,esausman1p@dropbox.com,Female,193.188.52.80,Philippines,98
Retha,MacMaykin,rmacmaykin1q@blogger.com,Female,212.19.144.133,Russia,79
Carny,Burker,cburker1r@illinois.edu,Male,185.162.113.134,China,44
Maighdiln,Arrundale,marrundale1s@marketwatch.com,Female,51.63.175.154,Micronesia,82
Malanie,Sempill,msempill1t@gravatar.com,Female,154.99.61.120,Russia,39
Jerrylee,Spearett,jspearett1u@weebly.com,Female,215.195.106.48,China,96
Janine,Delahunty,jdelahunty1v@mashable.com,Female,70.113.222.194,Poland,23
Minerva,Park,mpark1w@newyorker.com,Female,17.180.208.234,Mauritius,34
Gladys,Geillier,ggeillier1x@nih.gov,Female,67.90.188.183,Guadeloupe,16
Wood,Bugden,wbugden1y@sourceforge.net,Male,48.181.148.117,Portugal,39
Adriaens,Orsi,aorsi1z@skype.com,Female,173.206.202.243,Thailand,39
Lucais,Igo,ligo20@ezinearticles.com,Male,26.80.86.99,Brazil,28
Alicia,Breadmore,abreadmore21@devhub.com,Female,13.222.93.2,China,97
Ofelia,Beves,obeves22@parallels.com,Female,187.166.146.177,China,30
Albrecht,Ackers,aackers23@amazon.co.uk,Male,227.114.158.155,Slovenia,55
Leroi,O'Bradden,lobradden24@homestead.com,Male,32.192.24.1,China,36
Timmi,Prantl,tprantl25@reference.com,Female,92.203.163.138,China,27
Stafford,Trusse,strusse26@sbwire.com,Male,220.107.135.255,Indonesia,35
Helli,Dalgetty,hdalgetty27@bbc.co.uk,Female,151.238.206.179,United States,63
Aurthur,Mordan,amordan28@wp.com,Male,223.88.142.246,Dominican Republic,56
Chelsy,Poff,cpoff29@tumblr.com,Female,62.142.184.216,Philippines,3
Harcourt,Whitmore,hwhitmore2a@disqus.com,Male,151.245.222.143,Greece,33
Allissa,Brahams,abrahams2b@weebly.com,Female,30.221.229.190,Greece,21
Rene,Ensten,rensten2c@house.gov,Male,220.81.197.134,Argentina,36
Yard,Hedworth,yhedworth2d@kickstarter.com,Male,103.232.124.227,Greece,20
Harlin,D'Adda,hdadda2e@biblegateway.com,Male,15.132.211.137,Philippines,24
Paquito,De Coursey,pdecoursey2f@springer.com,Male,240.71.244.96,China,4
Antonie,Swallow,aswallow2g@comcast.net,Female,206.228.236.153,Indonesia,68
Leta,Vedenyapin,lvedenyapin2h@va.gov,Female,145.171.176.52,El Salvador,53
Alix,Altamirano,aaltamirano2i@hexun.com,Male,235.200.162.238,Thailand,37
Noak,Aronson,naronson2j@macromedia.com,Male,143.34.224.225,Peru,39
Ethelbert,Mc Trusty,emctrusty2k@yelp.com,Male,200.21.123.112,France,30
Huntley,Ryder,hryder2l@deliciousdays.com,Male,43.28.182.176,Philippines,93
Alejandrina,Ravenshear,aravenshear2m@vinaora.com,Female,253.49.169.237,China,56
Lonnard,Bowlesworth,lbowlesworth2n@ucsd.edu,Male,238.100.202.246,Indonesia,25
Abbot,Roderighi,aroderighi2o@cnbc.com,Male,72.222.41.53,Portugal,60
Nilson,Tilbury,ntilbury2p@hc360.com,Male,243.109.115.207,Poland,77
Sascha,Piotrkowski,spiotrkowski2q@ycombinator.com,Male,37.151.252.188,Bulgaria,17
Agnola,Cowden,acowden2r@pbs.org,Female,22.100.233.236,Portugal,61
Jacky,Veltman,jveltman2s@amazon.de,Female,202.203.169.18,Portugal,79
Nerta,Beachem,nbeachem2t@fda.gov,Female,45.40.96.35,China,1
Nathalia,Platts,nplatts2u@dailymotion.com,Female,151.87.109.18,China,69
Brooke,Le Cornu,blecornu2v@odnoklassniki.ru,Male,217.145.200.63,Brazil,34
Brody,Nafzger,bnafzger2w@nydailynews.com,Male,86.213.193.96,Russia,56
Pearla,Busher,pbusher2x@cisco.com,Female,56.42.11.177,China,17
Broderic,Burnall,bburnall2y@reuters.com,Male,148.253.149.219,Nigeria,48
Amie,Eadmeades,aeadmeades2z@hubpages.com,Female,126.48.163.71,China,22
Nani,Monery,nmonery30@youku.com,Female,162.175.119.112,Guatemala,79
Ludvig,Mandrier,lmandrier31@ucoz.com,Male,184.186.64.143,France,34
Teddy,Hathway,thathway32@unesco.org,Female,243.97.250.3,Sweden,70
Elli,Plan,eplan33@economist.com,Female,135.24.159.74,Russia,94
Barret,Brogan,bbrogan34@example.com,Male,10.81.59.181,China,73
Linn,McCarrison,lmccarrison35@over-blog.com,Male,148.62.9.188,Russia,29
Jessamyn,Kyncl,jkyncl36@edublogs.org,Female,85.40.69.62,China,72
Hervey,Jacquot,hjacquot37@reference.com,Male,41.240.195.227,Sweden,7
Bern,Effemy,beffemy38@naver.com,Male,203.51.67.6,Indonesia,79
Carling,Satchel,csatchel39@icio.us,Male,184.78.245.132,Russia,100
Adelaida,Yakovliv,ayakovliv3a@bizjournals.com,Female,36.52.164.193,China,67
Russell,Carrel,rcarrel3b@msu.edu,Male,5.17.130.165,Egypt,14
Danna,Burgis,dburgis3c@ask.com,Female,116.228.155.195,Afghanistan,49
Charlotta,Valentine,cvalentine3d@home.pl,Female,234.158.138.226,Russia,44
Aldous,Parramore,aparramore3e@washingtonpost.com,Male,84.240.101.78,Jordan,35
Derrick,Gealle,dgealle3f@about.me,Male,252.148.95.38,French Guiana,39
Corina,O Sullivan,cosullivan3g@hp.com,Female,191.70.230.213,Argentina,62
Carla,Ginglell,cginglell3h@unicef.org,Female,137.127.85.43,Greece,33
Titus,Tattershall,ttattershall3i@zdnet.com,Male,9.149.247.52,Mayotte,74
Cybil,Northridge,cnorthridge3j@yellowpages.com,Female,102.216.222.214,Brazil,65
Olivie,Menhenitt,omenhenitt3k@ebay.com,Female,72.89.184.148,Libya,13
Cherlyn,Marriott,cmarriott3l@narod.ru,Female,106.196.167.232,United States,47
Filippa,Haygreen,fhaygreen3m@nhs.uk,Female,197.85.206.168,Argentina,22
Kain,Smithend,ksmithend3n@about.com,Male,108.115.194.84,China,2
Jacques,Stranieri,jstranieri3o@disqus.com,Male,172.36.222.127,Kazakhstan,48
Chiarra,Lyal,clyal3p@google.cn,Female,67.233.240.53,Vietnam,84
Gaile,Ludgrove,gludgrove3q@shutterfly.com,Male,217.41.64.230,Philippines,18
Wyatt,Yes,wyes3r@ow.ly,Male,228.175.135.87,Nigeria,8
Wolfie,Rollason,wrollason3s@alibaba.com,Male,117.63.174.244,China,85
Kippy,Dumbleton,kdumbleton3t@mlb.com,Male,219.126.223.50,Portugal,28
Estrella,Skeete,eskeete3u@mapy.cz,Female,243.129.176.103,China,23
Rodolfo,Okey,rokey3v@nydailynews.com,Male,148.199.235.227,Iran,66
Prentiss,Redit,predit3w@discovery.com,Male,10.143.91.207,Argentina,50
Wendy,De Anesy,wdeanesy3x@disqus.com,Female,167.62.251.155,Netherlands,57
Helga,Corragan,hcorragan3y@wordpress.org,Female,108.136.6.46,Peru,41
Evie,Roddick,eroddick3z@domainmarket.com,Female,99.25.117.127,Portugal,2
Anitra,Warcop,awarcop40@ning.com,Female,151.148.64.40,Palestinian Territory,80
Reider,Bordis,rbordis41@so-net.ne.jp,Male,74.21.109.238,Indonesia,81
Vladamir,Andrzejczak,vandrzejczak42@paypal.com,Male,15.37.209.64,Ireland,95
Novelia,Panons,npanons43@shinystat.com,Female,199.6.132.253,French Polynesia,94
Adolph,Bishell,abishell44@jimdo.com,Male,155.60.255.221,Uruguay,77
Correna,Barrand,cbarrand45@diigo.com,Female,16.223.132.233,Bosnia and Herzegovina,49
Chen,Gozzard,cgozzard46@dedecms.com,Male,163.119.252.26,Indonesia,90
Yvor,Bomb,ybomb47@google.nl,Male,112.200.210.26,Sweden,60
Gerry,Fawloe,gfawloe48@twitter.com,Male,240.173.72.37,Colombia,40
Maximo,Goodspeed,mgoodspeed49@tinyurl.com,Male,119.92.24.157,Poland,9
Sallyanne,Holbie,sholbie4a@last.fm,Female,17.75.71.148,Mexico,9
Reena,Netley,rnetley4b@si.edu,Female,175.57.234.65,Greece,7
Rennie,Sleite,rsleite4c@ebay.co.uk,Female,4.8.10.88,Philippines,13
Kerr,Raffin,kraffin4d@discuz.net,Male,133.202.121.206,Poland,19
Alberik,Waggett,awaggett4e@discuz.net,Male,147.189.87.75,India,17
Jorrie,Westmacott,jwestmacott4f@rambler.ru,Female,97.11.124.71,China,78
Lynea,Dallewater,ldallewater4g@ovh.net,Female,0.145.131.179,China,98
Ammamaria,Jenman,ajenman4h@nationalgeographic.com,Female,79.82.142.189,Japan,69
Nikita,Le - Count,nlecount4i@blog.com,Male,121.78.234.234,Russia,53
Antonia,Goodredge,agoodredge4j@csmonitor.com,Female,116.36.51.125,Canada,12
Caren,Airey,cairey4k@123-reg.co.uk,Female,201.8.244.101,Ukraine,80
Emilie,Grenshields,egrenshields4l@t.co,Female,187.90.202.215,China,29
Frederico,Caston,fcaston4m@alibaba.com,Male,243.158.247.123,Philippines,28
Rich,Frie,rfrie4n@com.com,Male,76.183.153.38,Sweden,61
Lonni,Losseljong,llosseljong4o@mapquest.com,Female,114.166.163.84,Brazil,87
Inna,Coldtart,icoldtart4p@livejournal.com,Female,131.180.17.227,Canada,61
Lamar,Davidge,ldavidge4q@furl.net,Male,168.98.15.115,Indonesia,12
Billie,Mouat,bmouat4r@furl.net,Male,26.184.16.147,Russia,54
Niccolo,Boman,nboman4s@facebook.com,Male,21.212.207.162,Czech Republic,82
Aldridge,Surgenor,asurgenor4t@wikipedia.org,Male,253.222.161.246,China,63
Krisha,Pegram,kpegram4u@joomla.org,Male,50.146.218.119,Sweden,42
Abra,Witcher,awitcher4v@mayoclinic.com,Female,37.73.214.81,China,97
Holden,Lissett,hlissett4w@marriott.com,Male,147.253.223.200,Brazil,39
Zitella,Cardiff,zcardiff4x@blinklist.com,Female,228.101.112.84,China,29
Randall,Gimblett,rgimblett4y@booking.com,Male,236.243.4.99,Armenia,82
Darell,Kenrack,dkenrack4z@youtube.com,Female,48.143.54.132,United States,70
Clarinda,Pitbladdo,cpitbladdo50@cbslocal.com,Female,83.252.218.85,China,29
Shana,Culpan,sculpan51@narod.ru,Female,141.154.172.115,China,84
Maggee,Carman,mcarman52@reuters.com,Female,13.234.112.107,China,53
Naomi,Wordley,nwordley53@wsj.com,Female,213.70.52.246,Uzbekistan,37
Greer,Gantzman,ggantzman54@rakuten.co.jp,Female,112.92.72.60,Colombia,98
Rozina,Fearby,rfearby55@dagondesign.com,Female,87.226.219.181,Russia,10
Ailee,Stanmer,astanmer56@miibeian.gov.cn,Female,210.96.231.109,China,10
Erasmus,Urien,eurien57@cafepress.com,Male,182.180.238.106,Spain,53
Forbes,Aris,faris58@etsy.com,Male,148.221.144.211,Poland,18
Manya,Winfindale,mwinfindale59@imgur.com,Female,238.200.194.122,United States,82
Bryan,Aronovitz,baronovitz5a@surveymonkey.com,Male,91.150.170.161,Philippines,61
Marilyn,Spires,mspires5b@acquirethisname.com,Female,126.160.45.125,China,65
Donaugh,Allabarton,dallabarton5c@netlog.com,Male,163.95.248.36,Indonesia,95
Xena,Volette,xvolette5d@wufoo.com,Female,52.30.252.7,Burkina Faso,38
Graehme,Gealy,ggealy5e@techcrunch.com,Male,70.114.130.144,Panama,60
Bord,Gatch,bgatch5f@woothemes.com,Male,79.243.244.249,Indonesia,100
Donnamarie,Rawlinson,drawlinson5g@drupal.org,Female,97.76.177.164,Peru,34
Hobart,McQuilkin,hmcquilkin5h@vistaprint.com,Male,127.71.205.162,China,29
Reid,Pearman,rpearman5i@wisc.edu,Male,181.243.194.204,China,75
Waylin,Curedale,wcuredale5j@a8.net,Male,235.100.21.2,Thailand,91
Ardene,Showen,ashowen5k@artisteer.com,Female,243.109.36.81,Indonesia,5
Vin,Galvan,vgalvan5l@comsenz.com,Male,176.42.137.186,Colombia,82
Ianthe,Dankov,idankov5m@huffingtonpost.com,Female,177.229.48.107,Vietnam,87
Marji,Seakings,mseakings5n@mit.edu,Female,225.28.129.244,China,88
Calida,Oliva,coliva5o@netvibes.com,Female,49.26.79.68,Poland,19
Rubi,Emmanuel,remmanuel5p@google.pl,Female,11.199.146.204,Indonesia,46
Irina,Rodgman,irodgman5q@home.pl,Female,58.29.109.70,East Timor,3
Stillman,MacCosty,smaccosty5r@netscape.com,Male,45.23.147.40,China,42
Arlana,Brandli,abrandli5s@oakley.com,Female,115.251.128.100,Kenya,99
Anatol,Pregal,apregal5t@ox.ac.uk,Male,185.165.84.83,Philippines,83
Annalise,Gavini,agavini5u@list-manage.com,Female,86.227.159.55,Kenya,1
Cristi,Drackford,cdrackford5v@webs.com,Female,165.173.170.228,Sweden,62
Raymund,Goacher,rgoacher5w@usgs.gov,Male,219.247.173.176,Indonesia,38
Cirstoforo,Doneld,cdoneld5x@netscape.com,Male,187.161.34.96,Ireland,75
Dominick,Olyonov,dolyonov5y@hc360.com,Male,90.173.128.5,Norway,40
Shir,Wittman,swittman5z@icio.us,Female,1.29.133.180,Netherlands,62
Daryn,Jennens,djennens60@ifeng.com,Female,80.95.53.49,China,49
Irita,Showte,ishowte61@nyu.edu,Female,58.57.160.109,Indonesia,66
Davita,Haller,dhaller62@ameblo.jp,Female,192.157.238.199,New Zealand,16
Stu,Woodworth,swoodworth63@canalblog.com,Male,142.131.41.234,China,2
Aimee,Iddiens,aiddiens64@cmu.edu,Female,230.107.239.52,Thailand,37
Harrison,Gilbody,hgilbody65@yahoo.co.jp,Male,242.250.11.188,China,44
Dean,Drury,ddrury66@dailymotion.com,Male,103.143.13.254,Venezuela,3
Sergei,Andreolli,sandreolli67@devhub.com,Male,122.212.240.48,Czech Republic,86
Sydel,Gamwell,sgamwell68@shop-pro.jp,Female,219.131.201.173,Chile,70
Teddy,Huddle,thuddle69@t.co,Male,165.75.59.113,Sweden,96
Oralia,Yanukhin,oyanukhin6a@marketwatch.com,Female,116.36.216.234,China,43
Cullie,Champerlen,cchamperlen6b@wp.com,Male,54.33.220.244,New Zealand,64
Elaina,Baugh,ebaugh6c@nydailynews.com,Female,231.230.76.32,Mexico,10
Rory,Trussell,rtrussell6d@opera.com,Male,213.219.145.74,China,96
Haily,West-Frimley,hwestfrimley6e@jiathis.com,Male,234.21.161.55,Portugal,18
Jerad,Ebbrell,jebbrell6f@altervista.org,Male,26.26.61.113,Ukraine,52
Bell,Concannon,bconcannon6g@ezinearticles.com,Female,202.142.33.187,Philippines,32
Kerrill,Wedmore.,kwedmore6h@webmd.com,Female,22.117.136.37,Portugal,49
Dame,Lazer,dlazer6i@gnu.org,Male,99.91.153.224,Poland,18
Keelia,Battany,kbattany6j@cpanel.net,Female,150.49.187.27,Brazil,2
Sigismund,Gribbin,sgribbin6k@constantcontact.com,Male,28.10.69.210,Philippines,41
Rutter,Honeywood,rhoneywood6l@amazon.co.uk,Male,252.73.160.139,China,62
Grant,Macari,gmacari6m@toplist.cz,Male,182.212.28.106,Russia,85
Arlana,Bolens,abolens6n@4shared.com,Female,65.175.47.80,Ukraine,40
Lucho,Riglesford,lriglesford6o@accuweather.com,Male,234.230.123.224,Laos,15
Shermy,Rewcastle,srewcastle6p@ed.gov,Male,254.11.201.115,Brazil,95
Darius,Revance,drevance6q@t-online.de,Male,49.148.179.217,Indonesia,61
Dewitt,Jaze,djaze6r@tiny.cc,Male,21.35.116.136,Brazil,95
Freda,Lehrle,flehrle6s@cmu.edu,Female,204.79.218.179,Bolivia,35
Berkly,Edmands,bedmands6t@sphinn.com,Male,120.96.213.182,Cameroon,47
Meredith,Jurs,mjurs6u@google.co.jp,Female,132.127.65.159,Canada,69
Sigismundo,Pollastro,spollastro6v@sun.com,Male,0.80.144.225,Portugal,17
Rey,Struijs,rstruijs6w@redcross.org,Female,86.109.215.207,Philippines,96
Electra,Hanster,ehanster6x@tinypic.com,Female,63.132.70.43,China,35
Avigdor,Swinglehurst,aswinglehurst6y@alibaba.com,Male,176.213.223.139,Yemen,87
Aimee,Slobom,aslobom6z@cbslocal.com,Female,110.196.225.251,China,76
Ashli,O'Gleasane,aogleasane70@dell.com,Female,121.51.14.119,France,63
Deanne,Weinmann,dweinmann71@mit.edu,Female,24.244.6.178,China,76
Bay,Kelledy,bkelledy72@shareasale.com,Male,130.198.67.31,Iceland,98
Grayce,Asker,gasker73@bandcamp.com,Female,12.138.92.189,France,8
Pooh,Churcher,pchurcher74@miitbeian.gov.cn,Female,2.203.26.161,Uzbekistan,55
Dick,Shave,dshave75@apache.org,Male,61.152.198.79,Estonia,49
Madison,Gobbett,mgobbett76@naver.com,Male,251.93.29.42,Argentina,70
Matty,Fullerd,mfullerd77@dell.com,Male,164.145.49.44,Vietnam,63
Drusilla,Clement,dclement78@sohu.com,Female,75.55.85.94,Indonesia,73
Madelina,Tebb,mtebb79@instagram.com,Female,157.148.53.228,Indonesia,15
Roseanna,Knight,rknight7a@ask.com,Female,249.156.71.237,Russia,6
Yolanda,Gorst,ygorst7b@bbb.org,Female,187.62.123.234,Peru,83
Skippie,Bethel,sbethel7c@tumblr.com,Male,117.58.169.205,Greece,10
Taddeo,Concannon,tconcannon7d@ovh.net,Male,157.240.218.216,China,29
Monte,Fogt,mfogt7e@ycombinator.com,Male,71.146.129.66,Poland,4
Tome,Yerrell,tyerrell7f@webnode.com,Male,48.149.167.221,China,82
Davon,Rowntree,drowntree7g@washingtonpost.com,Male,178.244.198.173,Philippines,12
Fee,Dureden,fdureden7h@amazon.co.uk,Male,130.44.221.47,Indonesia,58
Dale,Spinello,dspinello7i@europa.eu,Male,230.226.12.100,Russia,49
Odella,Camlin,ocamlin7j@yelp.com,Female,186.188.42.82,France,24
Bernadene,Jakucewicz,bjakucewicz7k@ed.gov,Female,101.19.30.80,Central African Republic,58
Shawn,Bentall,sbentall7l@goodreads.com,Female,138.142.246.55,Japan,3
Rina,Kendal,rkendal7m@comcast.net,Female,217.92.142.171,Czech Republic,33
Marchelle,Litster,mlitster7n@utexas.edu,Female,28.26.77.217,Russia,86
Laraine,McOrkill,lmcorkill7o@blinklist.com,Female,44.233.114.156,Brazil,39
Alfred,Lazarus,alazarus7p@privacy.gov.au,Male,212.198.125.147,China,42
Lavina,Hammatt,lhammatt7q@tmall.com,Female,93.80.73.3,Sweden,87
Genvieve,Orritt,gorritt7r@posterous.com,Female,142.245.50.23,Japan,85
Brnaba,McArthur,bmcarthur7s@ebay.co.uk,Male,6.19.90.73,Poland,26
Gelya,De Benedictis,gdebenedictis7t@elpais.com,Female,224.180.208.102,Syria,79
Carlynn,Wale,cwale7u@gravatar.com,Female,199.243.15.134,Indonesia,69
Keven,Meaders,kmeaders7v@bluehost.com,Male,255.186.157.52,Indonesia,39
Annadiana,Mc Curlye,amccurlye7w@ihg.com,Female,49.48.109.21,China,90
Homerus,Luisetti,hluisetti7x@dedecms.com,Male,32.76.203.96,Syria,38
Yasmin,Mattingly,ymattingly7y@nps.gov,Female,79.187.131.36,Peru,94
Bel,Barus,bbarus7z@kickstarter.com,Female,171.214.99.0,Turkmenistan,71
Aharon,Ugolini,augolini80@sakura.ne.jp,Male,84.147.157.227,Slovenia,73
Libbi,Corrin,lcorrin81@simplemachines.org,Female,127.198.63.120,Russia,79
Delphine,Sabine,dsabine82@goodreads.com,Female,31.54.132.4,Russia,70
Millicent,Danielut,mdanielut83@yellowpages.com,Female,35.42.0.109,Philippines,63
Myrta,Seager,mseager84@google.fr,Female,204.64.242.230,United States,9
Hetti,Teese,hteese85@ning.com,Female,7.136.202.83,Guatemala,46
Rica,Paunsford,rpaunsford86@csmonitor.com,Female,25.46.212.221,China,84
Teddie,Hukins,thukins87@clickbank.net,Female,222.7.149.209,Indonesia,18
Alexandre,Carlson,acarlson88@issuu.com,Male,63.164.254.219,China,76
Dionysus,Kewzick,dkewzick89@tripod.com,Male,46.0.70.1,Philippines,92
Vlad,Harly,vharly8a@squidoo.com,Male,235.219.105.213,Poland,74
Deanna,Brixey,dbrixey8b@printfriendly.com,Female,215.241.107.135,Poland,34
Stu,Atling,satling8c@cmu.edu,Male,254.15.174.81,Russia,62
Cory,Howett,chowett8d@i2i.jp,Female,154.152.240.74,China,75
Clayborn,Crudgington,ccrudgington8e@miibeian.gov.cn,Male,130.103.213.81,Armenia,48
Ivie,Kempe,ikempe8f@hugedomains.com,Female,66.26.160.116,China,94
Berne,Threadgold,bthreadgold8g@nps.gov,Male,179.110.218.174,Kazakhstan,85
Wyatan,Hanton,whanton8h@t-online.de,Male,2.172.82.50,Dominican Republic,62
Fayina,Babber,fbabber8i@acquirethisname.com,Female,95.107.3.21,Indonesia,91
Rollo,Druett,rdruett8j@unblog.fr,Male,186.71.224.85,Peru,33
Patten,Jervoise,pjervoise8k@imageshack.us,Male,61.237.79.235,Greece,4
Torrance,Whitnall,twhitnall8l@ox.ac.uk,Male,168.252.137.156,China,79
Padraig,Coultass,pcoultass8m@soundcloud.com,Male,246.42.53.28,Indonesia,30
Tommi,Hastilow,thastilow8n@ted.com,Female,143.204.63.212,China,96
Corrinne,Huegett,chuegett8o@linkedin.com,Female,244.147.192.191,Indonesia,87
Trueman,Radwell,tradwell8p@foxnews.com,Male,92.217.131.126,Indonesia,89
Jakob,Outhwaite,jouthwaite8q@4shared.com,Male,42.196.221.12,Kazakhstan,3
L;urette,Gaines,lgaines8r@cam.ac.uk,Female,109.240.211.245,China,17
Delores,Cristol,dcristol8s@whitehouse.gov,Female,170.226.71.170,Yemen,98
Krista,Wyard,kwyard8t@samsung.com,Female,49.180.33.148,Greece,13
Herb,Sharple,hsharple8u@4shared.com,Male,137.244.74.219,China,100
Pen,Sadry,psadry8v@narod.ru,Female,123.89.162.82,Philippines,51
Thaxter,Crennan,tcrennan8w@ucsd.edu,Male,184.245.1.15,Russia,24
Regen,Cherm,rcherm8x@dailymail.co.uk,Male,70.84.59.155,Greece,66
Pebrook,Dreier,pdreier8y@twitter.com,Male,248.73.254.224,China,11
Claretta,Robardey,crobardey8z@ustream.tv,Female,164.205.208.33,China,38
Raynard,Eiler,reiler90@omniture.com,Male,114.179.37.163,Luxembourg,84
Nikos,Wareham,nwareham91@dedecms.com,Male,110.253.227.159,China,39
Camel,Calverd,ccalverd92@artisteer.com,Female,197.93.187.173,Poland,36
Freddie,Anthoine,fanthoine93@aol.com,Female,137.206.167.229,Poland,39
Steve,Dwane,sdwane94@ow.ly,Male,253.60.204.27,Brazil,72
Bevvy,Krzyzaniak,bkrzyzaniak95@mayoclinic.com,Female,35.164.110.136,Ukraine,11
Davon,Corona,dcorona96@vk.com,Male,46.193.108.105,Brazil,13
Loraine,Kingerby,lkingerby97@forbes.com,Female,125.211.143.134,Argentina,77
Darsie,Kernell,dkernell98@noaa.gov,Female,99.53.206.116,Serbia,63
Maynard,Gascoine,mgascoine99@hibu.com,Male,105.48.34.135,Pakistan,86
Marika,Shilladay,mshilladay9a@skyrock.com,Female,40.89.101.255,China,36
Michell,Hackley,mhackley9b@ask.com,Female,19.124.47.25,New Zealand,93
Jed,Edmons,jedmons9c@sciencedaily.com,Male,243.240.247.127,Sweden,62
Arlee,McCarl,amccarl9d@reference.com,Female,211.192.195.97,China,35
Jaime,Stell,jstell9e@sphinn.com,Male,225.62.249.102,France,70
Jyoti,Duddell,jduddell9f@plala.or.jp,Female,120.79.201.102,Poland,15
Otes,Baudinelli,obaudinelli9g@nps.gov,Male,14.144.47.24,Ukraine,36
Ekaterina,Bleas,ebleas9h@geocities.jp,Female,155.103.182.192,Indonesia,20
Ailina,Putten,aputten9i@earthlink.net,Female,176.186.136.71,China,40
Patin,Galier,pgalier9j@stanford.edu,Male,217.151.207.52,Russia,3
Halie,Purdie,hpurdie9k@multiply.com,Female,66.160.7.208,Portugal,74
Kara,Tart,ktart9l@simplemachines.org,Female,125.55.184.236,Tunisia,54
Krysta,Loughhead,kloughhead9m@domainmarket.com,Female,47.234.149.1,Uganda,66
Opaline,Fylan,ofylan9n@stanford.edu,Female,215.250.108.236,Colombia,90
Dal,Payton,dpayton9o@ftc.gov,Male,121.50.219.52,Venezuela,39
Veronique,Gritland,vgritland9p@cargocollective.com,Female,127.193.84.105,Indonesia,58
Adham,Guitonneau,aguitonneau9q@wix.com,Male,56.174.134.86,Russia,58
Crystal,Dowrey,cdowrey9r@histats.com,Female,153.43.94.15,Poland,81
Thaddeus,Duddle,tduddle9s@youtube.com,Male,128.237.144.2,Thailand,25
Lesley,Bragg,lbragg9t@google.com.au,Male,89.124.201.188,Indonesia,86
Maurita,Riccardo,mriccardo9u@who.int,Female,68.137.81.129,Philippines,57
Benedikta,Whiteley,bwhiteley9v@cbc.ca,Female,176.110.82.215,Nigeria,7
Bealle,Seelbach,bseelbach9w@live.com,Male,131.25.104.192,Poland,2
Linzy,Vieyra,lvieyra9x@github.io,Female,181.23.225.203,Portugal,38
Delbert,Beebe,dbeebe9y@sourceforge.net,Male,103.43.226.109,Russia,35
Nat,Rabbe,nrabbe9z@wikipedia.org,Male,220.246.66.33,China,5
Elissa,Shackleford,eshackleforda0@twitter.com,Female,67.108.51.185,Uganda,97
Yolane,Glasheen,yglasheena1@nasa.gov,Female,128.179.153.249,China,70
Hardy,Stoaks,hstoaksa2@is.gd,Male,43.224.37.22,Gabon,91
Micky,Turpie,mturpiea3@joomla.org,Female,212.117.171.144,Russia,90
Lincoln,Ranvoise,lranvoisea4@comcast.net,Male,149.101.88.205,Indonesia,11
Maighdiln,Giraudo,mgiraudoa5@hibu.com,Female,115.190.129.35,Indonesia,80
Marlowe,Slocumb,mslocumba6@nba.com,Male,222.112.139.7,Mexico,74
Amos,Hyndson,ahyndsona7@wufoo.com,Male,104.16.98.61,China,79
Lester,Morffew,lmorffewa8@nyu.edu,Male,255.141.15.238,Brazil,51
Bengt,Chicotti,bchicottia9@flickr.com,Male,41.76.23.9,Honduras,21
Marnia,Gregorin,mgregorinaa@blogspot.com,Female,99.73.117.152,Indonesia,6
Kendre,Kingsnode,kkingsnodeab@desdev.cn,Female,26.18.248.155,Russia,45
Alysa,Dowdam,adowdamac@google.es,Female,170.71.32.255,Tunisia,7
Silvain,Liley,slileyad@washingtonpost.com,Male,223.33.172.11,Madagascar,91
Amalea,Cullerne,acullerneae@mit.edu,Female,205.244.98.199,Ukraine,92
Fifine,Dendon,fdendonaf@marriott.com,Female,146.217.88.56,Colombia,54
Thane,Philp,tphilpag@ezinearticles.com,Male,144.85.111.204,Andorra,37
Jemima,MacCrackan,jmaccrackanah@so-net.ne.jp,Female,169.47.9.13,China,75
Orville,McGillivray,omcgillivrayai@oracle.com,Male,54.145.136.40,Sweden,69
Peder,Hargreave,phargreaveaj@reddit.com,Male,59.60.84.50,Sweden,26
Cristian,Carrane,ccarraneak@imageshack.us,Male,12.74.32.181,Kazakhstan,83
Sydel,Cymper,scymperal@rambler.ru,Female,17.78.104.28,Japan,38
Randee,McMenamy,rmcmenamyam@trellian.com,Female,187.193.114.73,Russia,4
Laney,Soff,lsoffan@list-manage.com,Female,36.36.82.143,United States,79
Jacquelin,Tute,jtuteao@wsj.com,Female,139.213.20.250,Brazil,76
Roderich,Grave,rgraveap@bloomberg.com,Male,139.141.246.241,China,77
Tarah,Keford,tkefordaq@go.com,Female,164.193.39.144,Venezuela,100
Leandra,Durtnell,ldurtnellar@ucsd.edu,Female,161.63.214.230,Portugal,35
Domingo,Danielot,ddanielotas@phpbb.com,Male,97.122.213.52,Russia,11
Cherrita,Orbine,corbineat@comcast.net,Female,39.126.238.144,Kenya,22
Queenie,Gallihawk,qgallihawkau@intel.com,Female,188.203.48.162,Czech Republic,99
Donaugh,Wadlow,dwadlowav@cdbaby.com,Male,227.252.182.161,Brazil,52
Donavon,Hatherleigh,dhatherleighaw@phpbb.com,Male,22.155.146.3,Czech Republic,40
Rich,Duckhouse,rduckhouseax@histats.com,Male,171.212.26.82,Indonesia,100
Sheryl,Tweed,stweeday@bloglovin.com,Female,117.138.54.8,China,23
Howard,Murrow,hmurrowaz@cbsnews.com,Male,145.160.246.214,Argentina,61
Ralf,Swan,rswanb0@netscape.com,Male,158.33.54.98,Thailand,71
Granny,Yude,gyudeb1@bizjournals.com,Male,102.70.222.187,Puerto Rico,45
Cyril,Timson,ctimsonb2@networkadvertising.org,Male,105.89.106.249,Tanzania,85
Muffin,Netherclift,mnethercliftb3@ustream.tv,Male,108.167.150.47,Bangladesh,30
Milissent,Rigglesford,mrigglesfordb4@jigsy.com,Female,99.121.126.122,Poland,79
Godart,Hindenberger,ghindenbergerb5@baidu.com,Male,104.198.108.192,Indonesia,66
Nicol,Martinolli,nmartinollib6@businesswire.com,Female,245.31.237.21,China,38
Sabina,Ballister,sballisterb7@t.co,Female,183.51.64.252,Azerbaijan,6
Yancey,McRitchie,ymcritchieb8@topsy.com,Male,89.143.101.159,Brazil,54
Katherina,Copas,kcopasb9@1688.com,Female,34.125.208.38,Russia,39
Lay,Risso,lrissoba@walmart.com,Male,101.84.191.176,Indonesia,56
Chryste,O'Farrell,cofarrellbb@google.ca,Female,51.243.209.154,Benin,3
Cookie,Gloster,cglosterbc@mlb.com,Female,31.93.178.252,Brazil,60
Gray,Creasey,gcreaseybd@samsung.com,Female,46.147.230.55,Thailand,64
Erie,Causbey,ecausbeybe@g.co,Male,56.46.186.193,Sweden,78
Larina,Clayal,lclayalbf@cloudflare.com,Female,27.28.155.43,Argentina,18
Eudora,Thickpenny,ethickpennybg@economist.com,Female,93.81.20.141,United Kingdom,11
Shayne,Matus,smatusbh@skype.com,Male,154.98.114.70,Iran,6
Grata,Ronayne,gronaynebi@imageshack.us,Female,3.85.109.239,China,47
Megan,Darrigone,mdarrigonebj@desdev.cn,Female,238.157.51.174,Japan,25
Huntley,Schruyers,hschruyersbk@forbes.com,Male,15.194.12.152,Poland,14
Alameda,Essel,aesselbl@amazonaws.com,Female,178.153.128.188,Botswana,14
Ryun,Cholerton,rcholertonbm@webeden.co.uk,Male,237.151.203.63,Indonesia,30
Aloin,Iacofo,aiacofobn@merriam-webster.com,Male,202.213.216.159,China,19
Thain,Michal,tmichalbo@naver.com,Male,2.105.88.231,Portugal,58
Oswell,Attawell,oattawellbp@shinystat.com,Male,161.228.188.39,Ukraine,21
Effie,LLelweln,ellelwelnbq@ft.com,Female,213.175.149.22,Portugal,59
Mabel,Rhoddie,mrhoddiebr@oakley.com,Female,188.166.9.217,China,65
Marlow,Nesterov,mnesterovbs@360.cn,Male,138.32.137.38,Malaysia,9
Audie,Dancy,adancybt@google.fr,Female,161.101.175.169,Moldova,24
Alameda,Laybourne,alaybournebu@theatlantic.com,Female,231.128.171.107,Indonesia,36
Uri,Hayle,uhaylebv@sitemeter.com,Male,235.82.245.161,Serbia,68
Lyell,Dunbabin,ldunbabinbw@canalblog.com,Male,239.162.75.148,Belarus,70
Joel,Clayworth,jclayworthbx@cargocollective.com,Male,45.201.231.32,China,68
Devlen,Seckington,dseckingtonby@163.com,Male,208.216.231.57,Greece,60
Jeanie,Billo,jbillobz@addthis.com,Female,33.71.109.98,Portugal,8
Elinore,Braunton,ebrauntonc0@pen.io,Female,6.222.98.169,Indonesia,57
Lucy,Chinnock,lchinnockc1@dropbox.com,Female,124.139.66.223,China,32
Tabby,Agent,tagentc2@prweb.com,Female,89.154.87.120,Indonesia,61
Candi,Matoshin,cmatoshinc3@sitemeter.com,Female,185.120.18.197,United States,61
Becka,Peniello,bpenielloc4@ifeng.com,Female,246.32.130.16,Indonesia,68
Hillier,McLeman,hmclemanc5@youtu.be,Male,125.54.96.159,Sweden,17
Erick,Ormiston,eormistonc6@theatlantic.com,Male,65.99.150.245,Thailand,90
Waylon,Allcott,wallcottc7@so-net.ne.jp,Male,198.169.70.54,Peru,39
Rina,Blakeslee,rblakesleec8@prlog.org,Female,96.226.111.144,Sweden,24
Cecelia,Osgood,cosgoodc9@google.fr,Female,9.68.87.5,China,80
Roshelle,Stivey,rstiveyca@dagondesign.com,Female,243.232.249.36,France,48
Natividad,Quaintance,nquaintancecb@oakley.com,Female,210.197.162.3,Indonesia,3
Alayne,Houltham,ahoulthamcc@vistaprint.com,Female,33.231.229.104,Colombia,75
Vinni,Vigars,vvigarscd@artisteer.com,Female,159.36.119.236,China,89
Zackariah,Steinor,zsteinorce@nifty.com,Male,29.186.212.38,French Guiana,38
Shelley,Portriss,sportrisscf@csmonitor.com,Male,223.217.15.236,Panama,12
Merrilee,Marran,mmarrancg@sohu.com,Female,139.197.1.11,Russia,48
Elfie,Simpson,esimpsonch@infoseek.co.jp,Female,47.109.85.71,China,94
Tammie,Eccles,tecclesci@paginegialle.it,Male,143.8.177.163,Peru,29
Rene,Martinek,rmartinekcj@google.com.hk,Male,32.28.165.70,Argentina,46
Carlotta,Benterman,cbentermanck@biblegateway.com,Female,123.145.113.78,Ivory Coast,76
Carrol,Govan,cgovancl@naver.com,Male,15.209.124.234,Brazil,59
Joachim,Dinnage,jdinnagecm@blogspot.com,Male,188.5.162.157,China,38
Beverlee,Linfitt,blinfittcn@dropbox.com,Female,205.5.143.13,Yemen,61
Vail,Meeron,vmeeronco@dmoz.org,Male,77.176.70.14,Sweden,56
Del,Ashford,dashfordcp@slashdot.org,Female,184.110.78.184,Thailand,9
Isadora,Medley,imedleycq@jugem.jp,Female,36.160.227.208,Finland,37
Jake,Benardeau,jbenardeaucr@sciencedirect.com,Male,181.88.75.65,Russia,29
Kelcie,Whapple,kwhapplecs@parallels.com,Female,108.1.99.178,China,8
Andi,Eymor,aeymorct@w3.org,Female,94.89.253.233,Mexico,58
Mateo,Kalinsky,mkalinskycu@liveinternet.ru,Male,232.141.62.11,Paraguay,22
Kania,Feary,kfearycv@networkadvertising.org,Female,62.88.189.118,Zimbabwe,10
Marion,Ranscombe,mranscombecw@mlb.com,Male,57.238.120.124,Indonesia,18
Marline,Skittrell,mskittrellcx@japanpost.jp,Female,253.39.180.164,Portugal,22
Bunny,Gard,bgardcy@quantcast.com,Female,130.6.226.167,Indonesia,28
Luciana,Wildash,lwildashcz@foxnews.com,Female,247.147.21.151,Indonesia,89
Cathy,Flag,cflagd0@hud.gov,Female,187.103.25.108,China,18
Filmore,Gainor,fgainord1@yale.edu,Male,166.171.249.244,Kenya,81
Randy,Yurlov,ryurlovd2@unc.edu,Male,102.227.149.100,China,27
Isidro,Van,ivand3@washingtonpost.com,Male,220.109.116.245,Philippines,74
Shawnee,Oldford,soldfordd4@pinterest.com,Female,29.164.200.152,Russia,78
Olivero,McFadzean,omcfadzeand5@omniture.com,Male,228.159.51.252,Canada,89
Gwendolyn,Cornelleau,gcornelleaud6@sbwire.com,Female,13.111.45.100,South Sudan,16
Dickie,Mepsted,dmepstedd7@jigsy.com,Male,246.118.102.255,Indonesia,20
Sebastian,Heindrick,sheindrickd8@omniture.com,Male,129.83.20.91,Saint Vincent and the Grenadines,23
Mallory,Pavett,mpavettd9@cisco.com,Female,162.20.28.30,Botswana,33
Delmor,McAleese,dmcaleeseda@go.com,Male,31.235.44.30,Greece,96
Ari,Cordner,acordnerdb@disqus.com,Male,36.253.90.100,Ecuador,89
Vite,Astbury,vastburydc@merriam-webster.com,Male,163.77.30.155,Afghanistan,20
Georgia,Messruther,gmessrutherdd@mail.ru,Female,240.46.126.122,Guam,69
Fancy,Shillitto,fshillittode@google.it,Female,4.159.233.205,Kazakhstan,17
Sheree,Drakeley,sdrakeleydf@pbs.org,Female,99.37.234.134,Lithuania,17
Adolphe,Hollow,ahollowdg@prlog.org,Male,8.234.117.107,Mauritius,4
Chelsy,Shewery,cshewerydh@xrea.com,Female,143.5.86.190,Tunisia,74
Germain,Nardoni,gnardonidi@deviantart.com,Male,44.37.225.84,Poland,49
Dorena,Vittore,dvittoredj@kickstarter.com,Female,128.64.139.88,Armenia,25
Shaina,Scarre,sscarredk@skyrock.com,Female,244.35.70.30,Russia,22
Ulrick,Currington,ucurringtondl@nsw.gov.au,Male,39.224.140.193,Brazil,2
Clevey,Jiras,cjirasdm@i2i.jp,Male,234.8.75.101,China,7
Roddy,Cutting,rcuttingdn@cbc.ca,Male,211.127.138.137,Indonesia,76
Torrance,Ozelton,tozeltondo@gizmodo.com,Male,100.64.240.79,Philippines,41
Ingrim,Goult,igoultdp@mapy.cz,Male,168.250.103.130,China,71
Kleon,Honsch,khonschdq@thetimes.co.uk,Male,201.117.205.104,Poland,39
Marillin,Bladge,mbladgedr@yandex.ru,Female,195.4.175.127,Portugal,100
Keene,Harler,kharlerds@sakura.ne.jp,Male,113.100.64.235,Russia,60
Paloma,Ellison,pellisondt@nytimes.com,Female,126.16.236.130,Philippines,63
Mordy,Henricsson,mhenricssondu@reuters.com,Male,170.32.194.163,Indonesia,27
Giffie,Stidworthy,gstidworthydv@networkadvertising.org,Male,75.81.193.34,Poland,66
Theodosia,Melanaphy,tmelanaphydw@ustream.tv,Female,217.38.145.128,Mongolia,53
Herbert,Simonin,hsimonindx@discuz.net,Male,211.28.74.55,China,23
Terrell,Bampforth,tbampforthdy@sakura.ne.jp,Male,14.219.169.59,Comoros,84
Leigha,Krollmann,lkrollmanndz@uol.com.br,Female,199.106.205.9,Kazakhstan,37
Sibilla,Firminger,sfirmingere0@example.com,Female,153.15.150.229,Philippines,79
Skippy,Itzhayek,sitzhayeke1@is.gd,Male,206.169.186.48,China,58
Marcile,Kendal,mkendale2@redcross.org,Female,112.188.1.194,China,40
Zelig,Pickervance,zpickervancee3@microsoft.com,Male,130.137.201.39,Colombia,70
Bennett,Ramsdale,bramsdalee4@patch.com,Male,61.36.122.3,Russia,23
Roderick,Wrangle,rwranglee5@apple.com,Male,36.105.34.161,Indonesia,100
Ginnie,De Hailes,gdehailese6@4shared.com,Female,252.8.229.6,Bulgaria,39
Gennifer,Whelan,gwhelane7@123-reg.co.uk,Female,46.86.9.48,China,57
Jasper,Redsall,jredsalle8@blogger.com,Male,153.147.170.194,China,58
Dre,Ambroziak,dambroziake9@bloglovin.com,Female,71.231.92.255,China,45
Kenny,Linster,klinsterea@adobe.com,Male,253.174.127.152,Uganda,41
Nana,Daltry,ndaltryeb@amazon.co.jp,Female,35.96.169.233,China,75
Bernarr,Claughton,bclaughtonec@sciencedaily.com,Male,130.155.136.194,China,67
Eldin,Tatlowe,etatloweed@patch.com,Male,233.57.85.87,Panama,58
Derward,Rennebach,drennebachee@washington.edu,Male,26.169.147.74,France,16
Pippy,Mohun,pmohunef@dagondesign.com,Female,243.41.188.91,Brazil,80
Jeffry,Trengrove,jtrengroveeg@umn.edu,Male,173.240.186.33,United States,77
Normy,Bonnin,nbonnineh@oracle.com,Male,84.85.192.3,China,30
Harper,Franscioni,hfranscioniei@themeforest.net,Male,171.243.125.146,Russia,82
Thorndike,Hadfield,thadfieldej@sohu.com,Male,39.113.195.57,Canada,32
Ethelbert,Brabham,ebrabhamek@devhub.com,Male,74.13.194.241,Brazil,65
Granville,Moyes,gmoyesel@barnesandnoble.com,Male,98.50.146.235,Estonia,19
Elwira,Sidry,esidryem@shareasale.com,Female,142.67.213.128,China,58
Eduino,Magauran,emagauranen@live.com,Male,172.79.139.148,Brazil,25
Ches,Northing,cnorthingeo@adobe.com,Male,92.135.64.153,Indonesia,31
Estelle,Allabush,eallabushep@tmall.com,Female,156.114.249.82,Indonesia,47
Corey,Hancill,chancilleq@addthis.com,Male,84.12.68.55,Syria,19
Lina,Spottiswoode,lspottiswoodeer@wunderground.com,Female,242.85.6.246,Ukraine,96
Corina,Arnoll,carnolles@umn.edu,Female,52.177.69.86,Indonesia,99
Eberto,Dietz,edietzet@pagesperso-orange.fr,Male,61.155.23.28,Philippines,17
Leah,Lyst,llysteu@biglobe.ne.jp,Female,205.239.121.121,Russia,5
Teri,Martygin,tmartyginev@mit.edu,Female,188.157.160.134,China,47
Valaria,McKinnon,vmckinnonew@canalblog.com,Female,143.51.133.19,Sweden,28
Evita,Kubista,ekubistaex@unc.edu,Female,136.172.98.98,China,30
Jeremias,Tempest,jtempestey@tinyurl.com,Male,4.111.231.59,Philippines,24
Abbot,Worham,aworhamez@toplist.cz,Male,100.98.5.81,Georgia,44
Davis,Shawl,dshawlf0@microsoft.com,Male,199.101.164.180,Libya,81
Damara,Goldring,dgoldringf1@netscape.com,Female,47.84.35.181,Colombia,91
Suzanne,Pinock,spinockf2@opera.com,Female,1.220.77.194,Venezuela,100
Toby,Grayer,tgrayerf3@bigcartel.com,Female,252.97.157.177,China,91
Modesta,Borless,mborlessf4@arstechnica.com,Female,118.118.148.139,Russia,45
Ebenezer,Popley,epopleyf5@bbb.org,Male,174.162.198.118,Russia,42
Shelbi,Drioli,sdriolif6@state.gov,Female,48.115.74.208,Sweden,88
Cos,Jeandon,cjeandonf7@clickbank.net,Male,62.14.167.216,Czech Republic,59
Moe,Filippello,mfilippellof8@imgur.com,Male,184.46.123.48,Liechtenstein,29
Katrinka,Caplen,kcaplenf9@devhub.com,Female,101.140.16.73,United States,66
Delmar,Samwaye,dsamwayefa@google.it,Male,46.240.132.116,Philippines,44
Margaretha,Gregoletti,mgregolettifb@furl.net,Female,230.123.30.254,China,26
Grant,Anlay,ganlayfc@wsj.com,Male,146.0.177.109,South Korea,29
Thoma,Collacombe,tcollacombefd@ebay.com,Male,142.51.209.235,Zambia,76
Brooks,Gusney,bgusneyfe@163.com,Female,214.226.225.118,Cuba,63
Vasilis,Alderton,valdertonff@posterous.com,Male,233.17.3.253,China,36
Ajay,O'Grogane,aogroganefg@eventbrite.com,Female,255.173.164.59,Brazil,50
Bartholomeo,Tummasutti,btummasuttifh@omniture.com,Male,200.120.127.199,Philippines,13
Cahra,Petranek,cpetranekfi@cbslocal.com,Female,114.37.241.28,Portugal,74
Berkie,Danell,bdanellfj@nsw.gov.au,Male,119.191.49.85,Russia,13
Jan,Hambleton,jhambletonfk@reuters.com,Female,146.148.204.72,Russia,94
Robbyn,Prothero,rprotherofl@blinklist.com,Female,79.245.163.54,Indonesia,28
Vanda,Mahaddie,vmahaddiefm@jiathis.com,Female,218.216.249.218,China,40
Allx,Dimitresco,adimitrescofn@aol.com,Female,78.202.243.60,Russia,51
Cecil,Milton,cmiltonfo@g.co,Male,18.190.239.129,Brazil,78
Garnet,Loisi,gloisifp@odnoklassniki.ru,Female,21.255.100.189,Russia,18
Gwynne,Belchamber,gbelchamberfq@time.com,Female,44.28.15.163,Brazil,61
Griswold,MacKall,gmackallfr@bandcamp.com,Male,230.249.199.237,China,69
Ingar,Yurtsev,iyurtsevfs@squidoo.com,Male,116.60.95.113,Philippines,52
Ester,Burton,eburtonft@hao123.com,Female,24.59.179.194,China,55
Pearl,Lethbury,plethburyfu@narod.ru,Female,67.8.192.139,Brazil,49
Anna,Brinkworth,abrinkworthfv@rediff.com,Female,113.30.56.169,China,97
Kathye,Kubera,kkuberafw@phpbb.com,Female,48.50.196.64,French Polynesia,37
Dud,Hobson,dhobsonfx@behance.net,Male,166.193.36.201,Mexico,88
Fayth,Duligal,fduligalfy@yolasite.com,Female,169.144.46.131,China,19
Dorthy,Collick,dcollickfz@exblog.jp,Female,26.160.105.233,Brazil,78
Alanson,Eat,aeatg0@sun.com,Male,154.47.180.243,Serbia,86
Anastasie,Clayhill,aclayhillg1@lulu.com,Female,42.209.251.94,China,27
Adan,Vernay,avernayg2@weather.com,Male,248.149.187.30,Argentina,27
Simmonds,Kelshaw,skelshawg3@usgs.gov,Male,1.139.17.85,Poland,19
Benny,Bashford,bbashfordg4@de.vu,Male,17.203.217.16,Ireland,20
Terry,Scholes,tscholesg5@toplist.cz,Female,85.68.107.234,Philippines,90
Foss,Knowlys,fknowlysg6@indiatimes.com,Male,187.83.28.38,Russia,84
Karoly,Gludor,kgludorg7@wisc.edu,Male,138.77.36.6,Philippines,51
Hephzibah,Jeskin,hjesking8@dedecms.com,Female,2.48.82.64,United States,4
Fraser,Dendon,fdendong9@123-reg.co.uk,Male,95.26.185.21,Indonesia,80
Arnie,Sawforde,asawfordega@seattletimes.com,Male,107.164.250.47,Philippines,62
Maddi,Grishmanov,mgrishmanovgb@printfriendly.com,Female,61.220.95.228,Philippines,75
Matti,Isacq,misacqgc@sina.com.cn,Female,28.136.153.227,Burkina Faso,80
Thatch,O'Crevan,tocrevangd@printfriendly.com,Male,165.52.124.193,Yemen,87
Sybyl,Gooderham,sgooderhamge@godaddy.com,Female,223.126.84.168,Poland,3
Papagena,O'Crevy,pocrevygf@usatoday.com,Female,103.232.5.102,Ireland,67
Stearne,Vanstone,svanstonegg@deliciousdays.com,Male,165.39.99.35,Brazil,65
Leilah,Rattenbury,lrattenburygh@cnn.com,Female,19.2.168.113,Indonesia,6
Lilli,Hubback,lhubbackgi@ning.com,Female,249.149.142.74,China,1
Artur,Nunns,anunnsgj@google.com.hk,Male,19.159.132.48,Trinidad and Tobago,43
Tamara,Pietzker,tpietzkergk@desdev.cn,Female,8.235.48.53,Panama,56
Noell,Saw,nsawgl@homestead.com,Female,163.108.138.24,China,55
Blinni,Dooler,bdoolergm@buzzfeed.com,Female,47.163.179.153,China,30
Carley,Shankster,cshankstergn@infoseek.co.jp,Female,249.223.212.13,Ireland,17
Tod,McGloughlin,tmcgloughlingo@stanford.edu,Male,183.37.214.73,Brazil,56
Lyndsay,Vesque,lvesquegp@goodreads.com,Female,252.196.206.172,Kazakhstan,26
Ferdinand,Tolworthy,ftolworthygq@miibeian.gov.cn,Male,84.92.200.81,Vietnam,51
Arlen,Balogun,abalogungr@deviantart.com,Male,120.250.222.159,Ukraine,88
Thedric,Forsyth,tforsythgs@smh.com.au,Male,248.236.152.163,China,45
Evyn,Crace,ecracegt@acquirethisname.com,Male,138.109.147.89,China,86
Franklin,Pawellek,fpawellekgu@techcrunch.com,Male,160.169.210.77,China,60
Susie,Granham,sgranhamgv@globo.com,Female,27.108.193.208,Brazil,85
Ferrell,Oxby,foxbygw@about.me,Male,173.179.65.122,Brazil,4
Darius,Dene,ddenegx@foxnews.com,Male,15.167.20.244,North Korea,47
Blisse,Seedull,bseedullgy@google.com.br,Female,123.205.155.184,China,99
Corrinne,Jordanson,cjordansongz@yellowpages.com,Female,34.203.212.252,Peru,69
Krystle,Guion,kguionh0@vistaprint.com,Female,158.147.250.179,China,77
Arlen,Vasilchenko,avasilchenkoh1@google.it,Male,222.235.14.20,France,12
Hew,Pennetti,hpennettih2@instagram.com,Male,207.236.145.89,China,74
Hector,Flag,hflagh3@ezinearticles.com,Male,158.139.51.39,Iran,64
Lori,Pantone,lpantoneh4@cisco.com,Female,168.66.241.218,Russia,100
Irvine,Leythley,ileythleyh5@homestead.com,Male,18.166.106.54,Philippines,74
Ninon,Tustin,ntustinh6@mac.com,Female,208.83.2.16,Indonesia,75
Auguste,Van den Dael,avandendaelh7@alibaba.com,Female,103.170.78.213,China,49
Peggi,Braisby,pbraisbyh8@sohu.com,Female,124.118.197.207,China,62
Claire,Hearthfield,chearthfieldh9@t-online.de,Female,240.228.104.2,Germany,34
Moise,Frediani,mfredianiha@dyndns.org,Male,238.208.72.25,France,93
Pamelina,Cornillot,pcornillothb@ow.ly,Female,224.133.94.218,Indonesia,54
Gillian,Champley,gchampleyhc@gizmodo.com,Female,19.16.240.55,Japan,26
Deborah,Ping,dpinghd@shinystat.com,Female,203.195.108.53,Indonesia,39
Doll,Abbey,dabbeyhe@kickstarter.com,Female,61.49.120.134,Greece,72
Beatrix,Kenderdine,bkenderdinehf@ibm.com,Female,67.226.165.187,France,42
Chet,Trorey,ctroreyhg@google.com.br,Male,95.19.183.211,Puerto Rico,99
Aluino,Jozefowicz,ajozefowiczhh@hubpages.com,Male,204.20.26.100,Mongolia,50
Emilie,Knivett,eknivetthi@mayoclinic.com,Female,186.227.18.15,Sierra Leone,76
Simone,Mosdill,smosdillhj@forbes.com,Male,247.30.114.43,China,77
Kinsley,Hoyland,khoylandhk@go.com,Male,5.135.69.81,Brazil,37
Cam,Cluderay,ccluderayhl@theglobeandmail.com,Male,182.80.91.135,Thailand,29
Sephira,Malcher,smalcherhm@umich.edu,Female,154.202.105.175,Czech Republic,11
Vasilis,Masterman,vmastermanhn@wsj.com,Male,24.174.48.190,Poland,100
Sherlock,Durham,sdurhamho@redcross.org,Male,247.146.196.23,Brazil,20
Buck,Hubbuck,bhubbuckhp@cdc.gov,Male,225.165.184.64,Japan,57
Karrie,Asbrey,kasbreyhq@nyu.edu,Female,150.178.190.76,Ukraine,13
Gib,Bleythin,gbleythinhr@nature.com,Male,80.95.207.219,Czech Republic,70
Vasily,Ebden,vebdenhs@yellowpages.com,Male,74.104.142.14,Ukraine,40
Reynolds,Choldcroft,rcholdcroftht@mapquest.com,Male,64.131.135.16,Russia,69
Frasquito,McGunley,fmcgunleyhu@timesonline.co.uk,Male,99.99.227.183,China,34
Conn,O' Loughran,coloughranhv@tinypic.com,Male,137.0.178.210,Honduras,13
Lance,Gillogley,lgillogleyhw@foxnews.com,Male,62.32.134.47,Philippines,31
Hatti,Kitman,hkitmanhx@noaa.gov,Female,125.82.184.222,Nigeria,30
Nicol,Jurs,njurshy@e-recht24.de,Female,170.255.185.179,China,70
Maddy,Gotliffe,mgotliffehz@soup.io,Female,210.137.132.248,Madagascar,12
Renee,Hutsby,rhutsbyi0@infoseek.co.jp,Female,50.52.230.211,Colombia,93
Dionysus,Edgson,dedgsoni1@sciencedirect.com,Male,49.10.68.114,Brazil,41
Laurel,Ottewill,lottewilli2@list-manage.com,Female,227.159.190.49,Trinidad and Tobago,47
Alfie,Stower,astoweri3@harvard.edu,Male,142.105.72.185,China,40
Thor,Humby,thumbyi4@marriott.com,Male,235.208.139.221,China,74
Otho,Spurnier,ospurnieri5@slashdot.org,Male,233.232.250.185,Zimbabwe,89
Yolanthe,Hammelberg,yhammelbergi6@usa.gov,Female,85.151.58.241,Honduras,12
Dede,Bazylets,dbazyletsi7@techcrunch.com,Female,48.107.149.22,Portugal,41
Sammie,Alvares,salvaresi8@prnewswire.com,Male,57.221.70.166,Thailand,79
Jeddy,Dixey,jdixeyi9@ocn.ne.jp,Male,80.213.199.150,Greece,74
Novelia,Durrant,ndurrantia@symantec.com,Female,28.200.59.179,Finland,77
Rees,Strettle,rstrettleib@odnoklassniki.ru,Male,227.52.1.231,China,20
Hilarius,Lilley,hlilleyic@deviantart.com,Male,43.101.182.11,Serbia,54
Faun,Fuchs,ffuchsid@arizona.edu,Female,235.66.4.200,Peru,27
Boigie,MacHoste,bmachosteie@tumblr.com,Male,125.202.69.171,Belarus,72
Guillema,Yurkiewicz,gyurkiewiczif@blogs.com,Female,190.198.39.147,Greece,52
Seana,Reddick,sreddickig@yale.edu,Female,46.119.75.99,Indonesia,68
Ted,Gawthrop,tgawthropih@angelfire.com,Female,26.240.215.179,American Samoa,79
Salim,Ive,siveii@rakuten.co.jp,Male,218.150.44.66,Sweden,37
Alvina,Newvill,anewvillij@slashdot.org,Female,23.4.38.179,Indonesia,82
Sauncho,D'eye,sdeyeik@mozilla.org,Male,72.91.200.112,China,59
Maximilien,Wisdish,mwisdishil@engadget.com,Male,95.149.66.195,United States,98
Verene,Avraam,vavraamim@skype.com,Female,94.24.249.72,China,66
Ninon,Gregol,ngregolin@berkeley.edu,Female,214.169.130.119,Philippines,56
Thacher,Spoor,tspoorio@ibm.com,Male,129.14.224.46,Sweden,60
Drucie,Gyford,dgyfordip@buzzfeed.com,Female,56.165.21.131,China,38
Diann,Tyers,dtyersiq@arizona.edu,Female,64.203.142.207,Netherlands,1
Wilma,Halley,whalleyir@dailymotion.com,Female,241.91.145.105,Thailand,33
Myrlene,Tansey,mtanseyis@imageshack.us,Female,193.104.15.38,Azerbaijan,84
Edithe,Burkwood,eburkwoodit@elpais.com,Female,249.111.20.232,South Africa,66
Kain,Bearward,kbearwardiu@nydailynews.com,Male,195.13.25.226,France,67
Waylen,Gobeau,wgobeauiv@hp.com,Male,88.246.235.68,Poland,46
Corenda,Siney,csineyiw@angelfire.com,Female,215.99.228.97,China,3
Lilith,Kenton,lkentonix@wikia.com,Female,33.180.100.17,Bulgaria,30
Darelle,Berrygun,dberryguniy@stanford.edu,Female,95.88.227.184,Kazakhstan,37
Stormi,Crate,scrateiz@icio.us,Female,138.214.50.29,Philippines,12
Angelica,Tupp,atuppj0@domainmarket.com,Female,152.61.101.167,Russia,77
Jesse,Giacopini,jgiacopinij1@hao123.com,Male,249.237.59.156,Bhutan,9
Brendan,Archdeckne,barchdecknej2@godaddy.com,Male,174.211.195.226,Brazil,27
Celinka,Benns,cbennsj3@geocities.com,Female,186.63.67.159,Peru,25
Lind,Pannaman,lpannamanj4@webmd.com,Female,196.126.61.158,United States,90
Mack,Shier,mshierj5@miitbeian.gov.cn,Male,233.0.138.77,China,77
Norman,McKeveney,nmckeveneyj6@jalbum.net,Male,53.255.94.135,Russia,56
Franz,Huonic,fhuonicj7@google.it,Male,52.224.1.238,China,8
Edna,Colliss,ecollissj8@linkedin.com,Female,219.16.137.90,Indonesia,95
Ladonna,Blees,lbleesj9@alibaba.com,Female,149.76.78.65,China,38
Dal,Awty,dawtyja@springer.com,Male,109.55.218.38,Poland,15
Wendi,Garvill,wgarvilljb@shutterfly.com,Female,62.20.123.184,Peru,40
Elly,Presdie,epresdiejc@lulu.com,Female,194.143.215.190,Thailand,87
Lyssa,Uwins,luwinsjd@time.com,Female,42.182.165.91,China,68
Homer,De Carolis,hdecarolisje@hatena.ne.jp,Male,247.168.173.113,Portugal,79
Trudie,Collens,tcollensjf@wordpress.org,Female,172.35.129.188,Indonesia,81
Diana,Liddard,dliddardjg@yahoo.co.jp,Female,226.65.83.18,Greece,83
Brad,Rother,brotherjh@constantcontact.com,Male,239.3.178.203,New Zealand,16
Marrissa,Heathcoat,mheathcoatji@marketwatch.com,Female,48.175.147.144,Indonesia,98
Jorey,Cone,jconejj@npr.org,Female,85.23.248.208,Russia,56
Grazia,Odo,godojk@bloomberg.com,Female,232.195.45.253,China,71
Kinny,Engledow,kengledowjl@arizona.edu,Male,182.205.36.91,Portugal,88
Dewie,Byng,dbyngjm@epa.gov,Male,142.212.196.180,Argentina,63
Hartwell,Mathiassen,hmathiassenjn@baidu.com,Male,41.170.56.173,China,47
Nevil,Dulson,ndulsonjo@marketwatch.com,Male,107.206.178.221,Czech Republic,85
Cate,Cudbertson,ccudbertsonjp@wikimedia.org,Female,230.44.52.96,Poland,4
Kennedy,Ginger,kgingerjq@dailymail.co.uk,Male,40.2.6.172,Madagascar,42
Fulton,Gavin,fgavinjr@boston.com,Male,192.87.250.141,Canada,78
Kasper,Tineman,ktinemanjs@pinterest.com,Male,167.1.45.240,Brazil,96
Roby,Carrabot,rcarrabotjt@npr.org,Female,16.119.95.208,Thailand,1
Babara,Prestwich,bprestwichju@instagram.com,Female,113.121.232.109,Philippines,89
Gustavo,Farbrother,gfarbrotherjv@google.fr,Male,57.126.176.88,Mexico,73
Ced,Pollok,cpollokjw@phoca.cz,Male,247.235.143.6,Indonesia,82
Theadora,Rohlfing,trohlfingjx@cdbaby.com,Female,69.53.48.143,China,97
Cristine,Pearcey,cpearceyjy@alibaba.com,Female,87.38.74.101,Indonesia,11
Wilmer,Parkeson,wparkesonjz@blog.com,Male,231.72.58.159,Sweden,58
Tate,Hunstone,thunstonek0@1688.com,Male,211.110.82.60,Russia,64
Cassaundra,Farnorth,cfarnorthk1@taobao.com,Female,195.151.86.113,Finland,91
Toby,Dmych,tdmychk2@clickbank.net,Male,12.153.180.241,Ukraine,81
Bobbie,Cradick,bcradickk3@amazon.co.uk,Female,113.46.171.210,Colombia,7
Hart,Newcomb,hnewcombk4@hao123.com,Male,191.36.54.238,China,57
Alta,Burrus,aburrusk5@usa.gov,Female,46.0.117.177,United States,38
Crissy,Makey,cmakeyk6@ibm.com,Female,40.122.3.166,China,39
Loreen,Rosenhaus,lrosenhausk7@w3.org,Female,92.41.167.35,Indonesia,71
Alaine,Brady,abradyk8@zdnet.com,Female,249.78.89.202,China,100
Augustine,Boyack,aboyackk9@telegraph.co.uk,Female,62.68.124.144,Russia,44
Maible,Le Marquand,mlemarquandka@geocities.com,Female,224.69.77.13,Indonesia,25
Jacintha,Simondson,jsimondsonkb@bbc.co.uk,Female,175.149.39.138,Albania,21
Adriena,Schlagtmans,aschlagtmanskc@marriott.com,Female,56.67.144.155,Brazil,52
Cecilio,Grimster,cgrimsterkd@senate.gov,Male,166.144.79.202,Indonesia,20
Bink,Dowzell,bdowzellke@illinois.edu,Male,234.240.50.134,United Kingdom,54
Wallas,Struys,wstruyskf@ted.com,Male,54.77.231.243,China,73
Brooke,Outridge,boutridgekg@hugedomains.com,Female,8.196.202.31,Indonesia,88
Saxe,Oughtright,soughtrightkh@phoca.cz,Male,188.154.71.145,Nigeria,8
Anastassia,Farreil,afarreilki@slashdot.org,Female,29.158.76.14,United States,58
Mead,Nitto,mnittokj@devhub.com,Male,123.10.70.210,Philippines,65
Reese,Earie,reariekk@t-online.de,Male,3.241.204.210,Pakistan,70
Kamillah,Barthram,kbarthramkl@sciencedirect.com,Female,92.26.138.169,China,58
Magda,Mullord,mmullordkm@seesaa.net,Female,207.94.200.201,Argentina,100
Jaime,Granger,jgrangerkn@ebay.co.uk,Male,186.28.122.202,China,38
Torrance,Andresen,tandresenko@jiathis.com,Male,22.251.168.86,Thailand,61
Vallie,Gadsden,vgadsdenkp@bbc.co.uk,Female,161.50.87.80,South Africa,79
Rosana,Gribble,rgribblekq@chicagotribune.com,Female,133.65.170.96,Vietnam,72
Myrtie,McIlrath,mmcilrathkr@jiathis.com,Female,227.185.199.191,Colombia,81
Nicolas,Kitney,nkitneyks@oracle.com,Male,62.164.255.72,Zambia,90
Johna,Spaduzza,jspaduzzakt@com.com,Female,40.229.139.112,Russia,9
Morgen,Guerreiro,mguerreiroku@google.cn,Male,7.75.171.15,Netherlands,57
Prescott,Wasbrough,pwasbroughkv@uol.com.br,Male,55.216.52.248,Indonesia,82
Edin,Bryenton,ebryentonkw@marketwatch.com,Female,46.216.235.180,Russia,72
Ravi,Lefever,rlefeverkx@multiply.com,Male,121.222.247.35,Indonesia,54
Blisse,Pickervance,bpickervanceky@ustream.tv,Female,90.23.71.145,Sweden,74
Alfredo,Glewe,aglewekz@rakuten.co.jp,Male,100.54.249.177,Russia,29
Tremain,Schwand,tschwandl0@google.fr,Male,129.100.146.249,China,66
Lindon,Ruppertz,lruppertzl1@hexun.com,Male,245.228.70.92,South Korea,91
Jaimie,Hanham,jhanhaml2@creativecommons.org,Male,59.21.47.137,Philippines,18
Karin,Bernardo,kbernardol3@diigo.com,Female,33.252.185.143,China,37
Cicely,Varlow,cvarlowl4@chicagotribune.com,Female,171.115.41.85,Portugal,67
Stanford,Eynaud,seynaudl5@so-net.ne.jp,Male,165.70.246.19,Indonesia,48
Ladonna,Durman,ldurmanl6@sourceforge.net,Female,69.242.38.2,China,98
Bastian,Vinsen,bvinsenl7@bloglines.com,Male,133.79.251.87,China,58
Joanne,Dyne,jdynel8@instagram.com,Female,47.14.83.137,Brazil,50
Josselyn,Cayley,jcayleyl9@wordpress.com,Female,12.213.224.2,Philippines,40
Nanete,Ramirez,nramirezla@reference.com,Female,133.12.70.85,Brazil,37
Ronica,Bestwall,rbestwalllb@facebook.com,Female,220.34.103.41,Venezuela,71
Portie,Kenvin,pkenvinlc@hhs.gov,Male,40.250.71.146,United States,66
Yurik,Petrolli,ypetrollild@google.com.au,Male,94.119.165.175,Guatemala,58
Weylin,Borleace,wborleacele@de.vu,Male,246.201.68.98,Chile,18
Claiborne,Keelinge,ckeelingelf@over-blog.com,Male,216.6.220.131,Kazakhstan,58
Iain,Beeze,ibeezelg@barnesandnoble.com,Male,78.113.238.111,Russia,19
Thor,McClaughlin,tmcclaughlinlh@dropbox.com,Male,169.14.78.246,China,91
Avram,Duck,aduckli@answers.com,Male,16.105.39.6,China,56
Gardener,Faber,gfaberlj@cocolog-nifty.com,Male,167.175.118.207,China,28
Gare,Feetham,gfeethamlk@storify.com,Male,9.134.171.41,France,19
Laird,Gutowski,lgutowskill@eepurl.com,Male,108.142.235.35,Sweden,82
Angus,McDell,amcdelllm@unblog.fr,Male,179.145.233.133,Sweden,28
Amory,Creasey,acreaseyln@bloglovin.com,Male,171.18.16.40,South Africa,36
Madel,Scottrell,mscottrelllo@barnesandnoble.com,Female,120.173.134.168,Iran,4
Dana,Sweynson,dsweynsonlp@zdnet.com,Male,27.163.254.105,Lithuania,5
Clarabelle,Falkner,cfalknerlq@alexa.com,Female,127.209.95.83,Czech Republic,73
Emerson,Conneau,econneaulr@mysql.com,Male,17.67.126.70,Thailand,30
Lauritz,Layman,llaymanls@amazon.co.jp,Male,162.52.49.50,Portugal,18
Bennett,Breakey,bbreakeylt@tinypic.com,Male,0.19.208.197,Russia,5
Tobiah,Murney,tmurneylu@theglobeandmail.com,Male,242.60.119.55,Costa Rica,34
Westbrooke,Aberdein,waberdeinlv@youtube.com,Male,60.148.101.71,Iran,88
Sibylle,Frosch,sfroschlw@cornell.edu,Female,97.98.12.96,Finland,22
Herman,Colenutt,hcolenuttlx@free.fr,Male,189.196.89.126,Brazil,35
Gibb,McVittie,gmcvittiely@forbes.com,Male,56.178.181.53,Poland,51
Ezequiel,Crumbie,ecrumbielz@oaic.gov.au,Male,112.42.109.156,Indonesia,88
Edmon,Wanjek,ewanjekm0@exblog.jp,Male,162.66.228.64,China,74
Bartolomeo,Harberer,bharbererm1@timesonline.co.uk,Male,0.90.40.180,Portugal,50
Isahella,Marvel,imarvelm2@list-manage.com,Female,192.132.77.36,Cameroon,55
Paquito,Balas,pbalasm3@sphinn.com,Male,119.236.85.208,United States,56
Eloisa,Emerson,eemersonm4@icq.com,Female,242.15.40.101,Tanzania,72
Devina,Olpin,dolpinm5@mashable.com,Female,31.0.173.228,Canada,41
Shalne,Papen,spapenm6@blogger.com,Female,118.14.117.127,Portugal,6
Archaimbaud,Bould,abouldm7@google.ca,Male,73.61.158.170,Spain,78
Shirleen,Corona,scoronam8@storify.com,Female,236.186.193.141,Sweden,11
Mercy,Galland,mgallandm9@wired.com,Female,234.58.62.89,Cameroon,47
Steven,Purvis,spurvisma@auda.org.au,Male,232.104.242.245,Indonesia,67
Sal,Corkan,scorkanmb@wisc.edu,Male,239.215.250.120,Colombia,41
Emma,Imrie,eimriemc@kickstarter.com,Female,62.144.204.62,Russia,14
Georgi,Breitling,gbreitlingmd@flavors.me,Male,99.63.14.140,United States,60
Son,Enrique,senriqueme@google.ca,Male,123.149.171.28,China,62
Cissiee,Lunny,clunnymf@accuweather.com,Female,23.48.137.215,Russia,15
Yance,Gorry,ygorrymg@t-online.de,Male,144.212.229.10,Sweden,48
Forster,Falconbridge,ffalconbridgemh@fc2.com,Male,4.230.157.102,Indonesia,40
Mellie,Harrild,mharrildmi@omniture.com,Female,143.229.21.227,Indonesia,39
Prudi,Bellis,pbellismj@elpais.com,Female,181.227.85.166,Indonesia,57
Raffaello,Walbrook,rwalbrookmk@webmd.com,Male,13.17.246.41,Indonesia,25
Melisent,Oddey,moddeyml@vinaora.com,Female,68.195.101.166,Indonesia,14
Brook,Ivanyushin,bivanyushinmm@abc.net.au,Male,134.33.245.186,Sweden,52
Ortensia,Adel,oadelmn@oakley.com,Female,225.111.70.124,Poland,76
Kingsley,Mebs,kmebsmo@google.pl,Male,40.233.165.19,Ukraine,62
Rudy,Really,rreallymp@de.vu,Male,199.87.101.36,United States,36
Deck,Spier,dspiermq@sbwire.com,Male,197.63.69.56,Germany,83
Ranee,Crammy,rcrammymr@163.com,Female,219.169.202.209,China,7
Bear,Ramsby,bramsbyms@amazon.co.uk,Male,232.21.203.180,Philippines,11
Rosabella,Westell,rwestellmt@oakley.com,Female,102.41.82.75,Indonesia,10
Caryl,Minigo,cminigomu@tripadvisor.com,Male,224.91.92.230,Colombia,33
Cally,Haglinton,chaglintonmv@bandcamp.com,Female,80.29.28.59,China,10
Dacia,Hollyard,dhollyardmw@studiopress.com,Female,162.113.121.227,United States,58
Morgana,Roblou,mrobloumx@utexas.edu,Female,91.214.217.153,China,55
Sid,Lilley,slilleymy@mit.edu,Male,158.250.136.118,China,76
Garvey,Reville,grevillemz@tinyurl.com,Male,139.22.17.177,Italy,69
Alissa,Franzoli,afranzolin0@angelfire.com,Female,238.3.14.206,Japan,36
Christyna,Wintle,cwintlen1@ehow.com,Female,194.133.141.102,Albania,67
Melly,Thackwray,mthackwrayn2@senate.gov,Female,165.52.243.165,China,36
Basilio,Dran,bdrann3@businessweek.com,Male,18.106.6.215,Armenia,65
Tressa,Lusgdin,tlusgdinn4@phoca.cz,Female,8.105.235.42,Brazil,67
Rockie,Maillard,rmaillardn5@ebay.com,Male,131.86.171.8,Albania,56
Brucie,Charlin,bcharlinn6@webmd.com,Male,168.230.221.59,Russia,50
Alexandre,Sworn,aswornn7@amazon.co.uk,Male,90.7.180.40,United States,60
Gayla,Bamlett,gbamlettn8@csmonitor.com,Female,229.5.121.71,China,90
Colan,Pariss,cparissn9@joomla.org,Male,126.218.232.191,Indonesia,17
Tiena,Brenneke,tbrennekena@google.fr,Female,97.36.252.70,Philippines,50
Alley,Habershaw,ahabershawnb@about.com,Male,252.200.36.76,Russia,97
Kalindi,Boch,kbochnc@ucoz.ru,Female,173.228.138.230,Russia,86
Delcina,Grombridge,dgrombridgend@intel.com,Female,59.70.108.72,Russia,74
Greg,Parkyns,gparkynsne@gnu.org,Male,205.69.71.134,China,42
Ladonna,Allington,lallingtonnf@usnews.com,Female,18.62.210.18,Brazil,85
Tirrell,Kesby,tkesbyng@china.com.cn,Male,94.128.187.226,Peru,40
Coralyn,Raselles,crasellesnh@bravesites.com,Female,63.84.234.204,China,48
Drusy,Curnok,dcurnokni@slashdot.org,Female,14.159.235.30,Russia,7
Ragnar,Rablan,rrablannj@mac.com,Male,219.78.103.112,Japan,18
Jeremias,Jedrych,jjedrychnk@networksolutions.com,Male,33.108.193.111,China,25
Gideon,Lynde,glyndenl@newsvine.com,Male,184.63.58.38,Indonesia,97
Denise,Wilfing,dwilfingnm@howstuffworks.com,Female,55.170.92.194,Philippines,39
Byrle,Finneran,bfinnerannn@liveinternet.ru,Male,224.172.250.150,China,62
Dario,Rayman,draymanno@sogou.com,Male,153.149.169.50,Russia,7
Dina,Phillcox,dphillcoxnp@imageshack.us,Female,187.143.120.224,China,99
Abeu,Troucher,atrouchernq@dropbox.com,Male,51.62.166.148,Sweden,78
Minnie,Desouza,mdesouzanr@geocities.jp,Female,210.79.72.239,Poland,13
Beatriz,Ollett,bollettns@webeden.co.uk,Female,154.33.246.220,Slovenia,58
Gerti,Garwell,ggarwellnt@wsj.com,Female,226.241.229.52,Russia,56
Sharl,Saura,ssauranu@yahoo.com,Female,50.193.157.27,Russia,23
Garv,Bernlin,gbernlinnv@networkadvertising.org,Male,74.220.0.135,Indonesia,21
Redford,Pennaman,rpennamannw@indiatimes.com,Male,149.168.230.213,Philippines,87
Elisabet,Gulvin,egulvinnx@devhub.com,Female,161.191.243.167,China,12
Clarice,Le Port,cleportny@delicious.com,Female,233.165.109.87,Thailand,35
Clarabelle,Kilpin,ckilpinnz@altervista.org,Female,129.244.36.88,Laos,89
Allx,Nagle,anagleo0@businessinsider.com,Female,8.68.78.177,Indonesia,96
Rees,Tidcomb,rtidcombo1@comsenz.com,Male,48.202.253.52,Portugal,40
Any,Castelletti,acastellettio2@mapy.cz,Male,38.122.78.0,Portugal,94
Onida,Scard,oscardo3@cbslocal.com,Female,99.244.136.210,China,32
Milicent,Foxen,mfoxeno4@tuttocitta.it,Female,182.35.33.226,Togo,28
Hamid,Krauss,hkrausso5@yellowpages.com,Male,143.187.56.68,Russia,2
Cherianne,Pinniger,cpinnigero6@google.es,Female,19.181.92.73,Indonesia,44
Simone,Tivnan,stivnano7@wikispaces.com,Female,106.114.253.117,Argentina,1
Pernell,Fenners,pfennerso8@nydailynews.com,Male,23.175.104.97,Czech Republic,32
Isidore,Mangeney,imangeneyo9@com.com,Male,8.69.27.73,Dominican Republic,59
Timofei,Daintry,tdaintryoa@privacy.gov.au,Male,170.168.241.235,China,34
Clarine,Branchflower,cbranchflowerob@merriam-webster.com,Female,213.12.251.203,Indonesia,21
Michael,Woakes,mwoakesoc@hexun.com,Male,135.241.102.106,Russia,25
Becky,Kunath,bkunathod@europa.eu,Female,203.244.138.75,China,79
Syd,Joesbury,sjoesburyoe@omniture.com,Male,10.39.243.146,Vietnam,69
Kanya,Janatka,kjanatkaof@newsvine.com,Female,146.20.126.116,Brazil,81
Estella,Zolini,ezoliniog@wordpress.com,Female,54.200.122.41,China,2
Barbabas,Giamelli,bgiamellioh@springer.com,Male,241.203.145.83,China,38
Padraig,Northleigh,pnorthleighoi@purevolume.com,Male,230.28.32.208,France,25
Hodge,Filippazzo,hfilippazzooj@hao123.com,Male,220.67.58.184,Argentina,4
Ashlan,Ferries,aferriesok@domainmarket.com,Female,87.200.109.199,China,78
Philip,Cranney,pcranneyol@ox.ac.uk,Male,137.179.113.117,Russia,14
Idalia,McSperrin,imcsperrinom@fda.gov,Female,250.83.252.232,Jamaica,82
Adolphus,Dreinan,adreinanon@gizmodo.com,Male,2.125.146.29,Russia,55
Timi,Hurt,thurtoo@ask.com,Female,29.70.221.85,Indonesia,64
Dode,Shinn,dshinnop@plala.or.jp,Female,151.84.251.112,Sweden,29
Alexis,Trotman,atrotmanoq@home.pl,Male,19.118.42.131,Trinidad and Tobago,10
Boniface,Artus,bartusor@samsung.com,Male,18.65.55.10,Russia,77
Nicolina,Hughson,nhughsonos@examiner.com,Female,31.64.124.129,Cuba,12
Levi,Smillie,lsmillieot@sbwire.com,Male,155.218.57.169,Japan,80
Lester,Fairfoul,lfairfoulou@deviantart.com,Male,144.106.143.205,China,22
Georgeta,Kitney,gkitneyov@microsoft.com,Female,241.48.112.143,South Korea,86
Jarad,Laugherane,jlaugheraneow@pcworld.com,Male,166.121.88.41,Argentina,70
Kerrill,Robrow,krobrowox@live.com,Female,70.170.42.134,Netherlands,27
Sinclair,Duguid,sduguidoy@amazon.com,Male,9.202.152.85,Indonesia,54
Nalani,O'Gaven,nogavenoz@nba.com,Female,85.175.146.33,Indonesia,82
Algernon,Gott,agottp0@yahoo.co.jp,Male,114.148.211.176,Russia,67
Rowen,Rechert,rrechertp1@linkedin.com,Male,41.109.66.63,Nicaragua,18
Rourke,McOnie,rmconiep2@washington.edu,Male,66.184.19.164,Indonesia,42
Catina,Springer,cspringerp3@weibo.com,Female,187.136.146.216,Iran,86
Maximilian,Armit,marmitp4@altervista.org,Male,128.53.53.221,Syria,72
Merralee,Angier,mangierp5@redcross.org,Female,80.175.145.55,China,38
Isidor,Crichton,icrichtonp6@nytimes.com,Male,18.167.41.93,China,23
Bealle,Blas,bblasp7@nationalgeographic.com,Male,94.147.189.253,Latvia,68
Early,Dregan,edreganp8@flickr.com,Male,115.40.82.251,Colombia,95
Raine,Ambrodi,rambrodip9@hexun.com,Female,64.207.152.210,China,15
Correna,Scollick,cscollickpa@reference.com,Female,90.149.160.71,Azerbaijan,30
Frazier,Wreford,fwrefordpb@google.es,Male,76.133.140.119,Malaysia,52
Maddy,Cansdale,mcansdalepc@naver.com,Female,104.173.15.73,Madagascar,74
Skylar,Waadenburg,swaadenburgpd@globo.com,Male,181.59.96.116,Portugal,11
Beckie,Brodhead,bbrodheadpe@stanford.edu,Female,232.206.76.129,Philippines,7
Carlyle,Synan,csynanpf@uol.com.br,Male,238.43.122.25,Democratic Republic of the Congo,32
Ardath,Brownbill,abrownbillpg@yahoo.co.jp,Female,77.25.41.79,Namibia,92
Waly,Kintzel,wkintzelph@sakura.ne.jp,Female,201.58.32.160,Sweden,6
Heriberto,Stacy,hstacypi@typepad.com,Male,120.109.110.219,Indonesia,89
Babara,Buckam,bbuckampj@quantcast.com,Female,59.214.49.139,Russia,20
Bronny,Riddles,briddlespk@1und1.de,Male,104.149.26.40,Paraguay,50
Monica,Laviss,mlavisspl@canalblog.com,Female,26.76.237.156,Indonesia,78
Boyce,Oxtaby,boxtabypm@ustream.tv,Male,9.227.222.17,Sweden,10
Drugi,Huyge,dhuygepn@goodreads.com,Male,169.107.60.235,Philippines,71
Garvey,Philippeaux,gphilippeauxpo@friendfeed.com,Male,187.237.135.209,Philippines,53
Erminia,Dyerson,edyersonpp@i2i.jp,Female,25.39.238.68,Russia,96
Shamus,Grief,sgriefpq@gravatar.com,Male,132.239.79.18,Chile,74
Chrysa,Crockley,ccrockleypr@globo.com,Female,61.215.153.38,China,7
Killie,Sedgeworth,ksedgeworthps@google.com.br,Male,212.178.73.95,China,79
Roderic,Olifard,rolifardpt@nasa.gov,Male,46.0.171.180,Czech Republic,50
Boone,Guitonneau,bguitonneaupu@zdnet.com,Male,163.178.190.93,Poland,71
Gretna,Stratford,gstratfordpv@cargocollective.com,Female,250.254.8.133,Ukraine,33
Eldon,Raithbie,eraithbiepw@1und1.de,Male,4.202.184.166,Philippines,85
Ronald,Kleinber,rkleinberpx@vinaora.com,Male,10.4.156.5,China,90
Izabel,Iwanowski,iiwanowskipy@si.edu,Female,119.3.165.212,Zambia,28
Maure,Denty,mdentypz@mapy.cz,Female,20.102.158.194,China,64
Rees,Grigs,rgrigsq0@uiuc.edu,Male,218.105.51.210,Serbia,88
Avril,Davy,adavyq1@yolasite.com,Female,120.157.48.14,China,45
Brice,Crucitti,bcrucittiq2@cisco.com,Male,14.236.104.13,Belarus,52
Roger,Ovendale,rovendaleq3@bloglovin.com,Male,184.47.134.211,Sweden,6
Yves,Fattore,yfattoreq4@mit.edu,Male,171.137.241.169,United States,9
Gage,Cann,gcannq5@state.tx.us,Male,41.230.12.45,China,3
Berny,Haimes,bhaimesq6@canalblog.com,Male,40.80.130.24,Japan,50
Vonny,Fawlo,vfawloq7@princeton.edu,Female,133.158.98.179,Indonesia,86
Dan,Uglow,duglowq8@wordpress.org,Male,23.228.8.16,China,84
Zonnya,Merioth,zmeriothq9@clickbank.net,Female,101.101.186.28,Indonesia,60
Shurwood,Gidden,sgiddenqa@webmd.com,Male,229.114.69.198,Peru,95
Joannes,Palluschek,jpalluschekqb@etsy.com,Female,133.223.35.179,China,53
Beckie,Mawtus,bmawtusqc@usgs.gov,Female,201.185.130.172,Ukraine,40
Rayshell,Tattam,rtattamqd@furl.net,Female,137.152.84.29,Honduras,6
Katrinka,Rootes,krootesqe@bing.com,Female,182.124.217.120,China,55
Toinette,Derbyshire,tderbyshireqf@ifeng.com,Female,22.192.160.211,Brazil,94
Irving,Millis,imillisqg@yellowpages.com,Male,232.172.79.239,France,21
Ryley,Crebo,rcreboqh@ocn.ne.jp,Male,37.113.159.221,Malaysia,62
Biddy,Buckeridge,bbuckeridgeqi@nyu.edu,Female,101.24.86.13,Indonesia,65
Belvia,Jeandel,bjeandelqj@jimdo.com,Female,116.109.27.67,Paraguay,15
Malva,Lagden,mlagdenqk@apache.org,Female,163.223.77.223,Honduras,33
Sibyl,Shrieve,sshrieveql@ebay.com,Female,143.251.195.12,Latvia,93
Wenda,Worsam,wworsamqm@clickbank.net,Female,86.35.146.236,China,24
Daryn,Gulston,dgulstonqn@squidoo.com,Female,32.81.244.251,Mongolia,16
Gunther,Winter,gwinterqo@facebook.com,Male,224.12.88.54,Indonesia,45
Aldridge,Witton,awittonqp@webmd.com,Male,8.155.174.251,Ukraine,33
Giraldo,Revan,grevanqq@ow.ly,Male,5.140.72.92,Indonesia,21
Kelci,Gibbonson,kgibbonsonqr@google.pl,Female,194.127.121.182,China,44
Gabe,Roisen,groisenqs@wunderground.com,Male,106.176.83.242,Japan,92
Gannon,Lehrian,glehrianqt@usatoday.com,Male,106.229.208.153,Sweden,88
Yule,Maneylaws,ymaneylawsqu@adobe.com,Male,228.17.101.180,Brazil,25
Casey,O'Toole,cotooleqv@hexun.com,Male,103.21.65.158,United States,24
Matt,Poulson,mpoulsonqw@addthis.com,Male,46.17.185.162,China,17
Agata,Jaray,ajarayqx@geocities.com,Female,61.109.195.198,Portugal,69
Jerrylee,Handlin,jhandlinqy@elegantthemes.com,Female,86.224.123.163,China,15
Boy,Peris,bperisqz@dion.ne.jp,Male,117.1.76.67,Brazil,19
Laney,Pipes,lpipesr0@nbcnews.com,Male,59.70.106.2,Vietnam,71
Sheffield,Lancley,slancleyr1@statcounter.com,Male,122.200.122.226,Russia,85
Eugine,Delbergue,edelberguer2@va.gov,Female,181.25.167.233,Ukraine,1
Bili,Calterone,bcalteroner3@shop-pro.jp,Female,111.147.76.118,Argentina,25
Gayle,Rielly,griellyr4@ebay.com,Male,215.208.2.219,Ukraine,2
Esmeralda,Fusco,efuscor5@bravesites.com,Female,122.147.22.22,Philippines,20
Alonzo,Lavrinov,alavrinovr6@washingtonpost.com,Male,12.110.154.116,Serbia,27
Dannie,Compford,dcompfordr7@microsoft.com,Female,244.97.0.119,China,85
Maureen,Moro,mmoror8@soundcloud.com,Female,200.94.74.187,Philippines,49
Rriocard,Barthot,rbarthotr9@constantcontact.com,Male,50.160.44.64,United States,19
Saunder,Gabbitis,sgabbitisra@who.int,Male,204.242.72.210,Malaysia,98
Suzann,Raynard,sraynardrb@bbb.org,Female,106.128.101.227,Honduras,71
Bernard,Burles,bburlesrc@hibu.com,Male,48.166.3.134,Japan,99
Lurlene,Turban,lturbanrd@icq.com,Female,242.69.35.136,Netherlands,64
Clemmy,Phant,cphantre@scribd.com,Female,98.241.207.203,Indonesia,35
Giles,Hegg,gheggrf@gravatar.com,Male,108.213.183.109,Thailand,15
Konrad,Maplestone,kmaplestonerg@ow.ly,Male,40.236.147.142,China,61
Cole,Fronks,cfronksrh@dedecms.com,Male,234.16.223.122,Philippines,49
Jinny,Idle,jidleri@1und1.de,Female,239.193.248.60,Russia,81
Del,Skene,dskenerj@psu.edu,Male,30.176.50.200,Iran,86
Rakel,Digby,rdigbyrk@mapy.cz,Female,241.215.216.16,Philippines,95
Sephira,Matic,smaticrl@ehow.com,Female,172.171.191.204,China,22
Theodor,Bursnell,tbursnellrm@ibm.com,Male,81.38.133.142,China,84
Karlik,Mc Caghan,kmccaghanrn@techcrunch.com,Male,155.9.121.215,Thailand,27
Enrica,Sire,esirero@tripod.com,Female,139.21.132.134,Kazakhstan,70
Parke,Wheaton,pwheatonrp@alexa.com,Male,20.123.156.28,South Korea,53
Daphne,Gumey,dgumeyrq@hostgator.com,Female,137.1.34.240,Indonesia,94
Valentia,Dunseath,vdunseathrr@imageshack.us,Female,230.130.254.94,Malaysia,3
